"ID","category"
1254,"Silver"
1433,"Silver"
1510,"Silver"
2262,"Silver"
2567,"Silver"
2682,"Silver"
2701,"Silver"
3784,"Silver"
4933,"Silver"
5329,"Silver"
7595,"Silver"
9181,"Silver"
11368,"Silver"
11522,"Silver"
11712,"Silver"
11845,"Silver"
11985,"Silver"
12549,"Silver"
12785,"Silver"
12906,"Silver"
13734,"Silver"
13860,"Silver"
13960,"Silver"
14020,"Silver"
14146,"Silver"
14158,"Silver"
14303,"Silver"
14333,"Silver"
14995,"Silver"
15202,"Silver"
15310,"Silver"
15433,"Silver"
17228,"Silver"
18136,"Silver"
18304,"Silver"
18370,"Silver"
18472,"Silver"
18645,"Silver"
18654,"Silver"
18716,"Silver"
18827,"Silver"
19712,"Silver"
19792,"Silver"
19858,"Silver"
20156,"Silver"
20174,"Silver"
20523,"Silver"
20533,"Silver"
20602,"Silver"
20613,"Silver"
20626,"Silver"
20669,"Silver"
20765,"Silver"
20768,"Silver"
20913,"Silver"
21226,"Silver"
21744,"Silver"
22057,"Silver"
22594,"Silver"
22605,"Silver"
22606,"Silver"
22644,"Silver"
22652,"Silver"
22679,"Silver"
22765,"Silver"
22766,"Silver"
22814,"Silver"
22893,"Silver"
22905,"Silver"
22938,"Silver"
22952,"Silver"
22972,"Silver"
22977,"Silver"
23028,"Silver"
23099,"Silver"
23458,"Silver"
23579,"Silver"
23602,"Silver"
23604,"Silver"
23646,"Silver"
23677,"Silver"
23846,"Silver"
23848,"Silver"
23872,"Silver"
23879,"Silver"
23958,"Silver"
24600,"Silver"
24622,"Silver"
24662,"Silver"
24664,"Silver"
24677,"Silver"
24678,"Silver"
24703,"Silver"
24712,"Silver"
24749,"Silver"
24762,"Silver"
24765,"Silver"
24775,"Silver"
24777,"Silver"
24786,"Silver"
24790,"Silver"
24791,"Silver"
24792,"Silver"
24881,"Silver"
24946,"Silver"
24964,"Silver"
24970,"Silver"
24985,"Silver"
25016,"Silver"
25025,"Silver"
25028,"Silver"
25049,"Silver"
25072,"Silver"
25102,"Silver"
25117,"Silver"
25158,"Silver"
25185,"Silver"
25201,"Silver"
25238,"Silver"
25246,"Silver"
25277,"Silver"
25280,"Silver"
25294,"Silver"
25302,"Silver"
25308,"Silver"
25315,"Silver"
25323,"Silver"
25336,"Silver"
25341,"Silver"
25347,"Silver"
25367,"Silver"
25397,"Silver"
25400,"Silver"
25407,"Silver"
25428,"Silver"
25454,"Silver"
25464,"Silver"
25467,"Silver"
25484,"Silver"
25495,"Silver"
25499,"Silver"
25501,"Silver"
25530,"Silver"
25556,"Silver"
25613,"Silver"
25648,"Silver"
25679,"Silver"
25688,"Silver"
25706,"Silver"
25734,"Silver"
25742,"Silver"
25771,"Silver"
25943,"Silver"
25978,"Silver"
25999,"Silver"
26010,"Silver"
26016,"Silver"
26044,"Silver"
26048,"Silver"
26062,"Silver"
26068,"Silver"
26093,"Silver"
26094,"Silver"
26101,"Silver"
26102,"Silver"
26103,"Silver"
26159,"Silver"
26161,"Silver"
26179,"Silver"
26187,"Silver"
26198,"Silver"
26207,"Silver"
26217,"Silver"
26228,"Silver"
26252,"Silver"
26257,"Silver"
26275,"Silver"
26291,"Silver"
26298,"Silver"
26305,"Silver"
26331,"Silver"
26346,"Silver"
26418,"Silver"
26422,"Silver"
26423,"Silver"
26426,"Silver"
26452,"Silver"
26458,"Silver"
26471,"Silver"
26476,"Silver"
26478,"Silver"
26479,"Silver"
26513,"Silver"
26530,"Silver"
27114,"Silver"
27127,"Silver"
27131,"Silver"
27158,"Silver"
27165,"Silver"
27169,"Silver"
27172,"Silver"
27173,"Silver"
27176,"Silver"
27180,"Silver"
27181,"Silver"
27182,"Silver"
27184,"Silver"
27187,"Silver"
27188,"Silver"
27198,"Silver"
27199,"Silver"
27205,"Silver"
27207,"Silver"
27208,"Silver"
27210,"Silver"
27216,"Silver"
27220,"Silver"
27221,"Silver"
27227,"Silver"
27230,"Silver"
27242,"Silver"
27243,"Silver"
27252,"Silver"
27259,"Silver"
27261,"Silver"
27274,"Silver"
27276,"Silver"
27278,"Silver"
27281,"Silver"
27283,"Silver"
27287,"Silver"
27291,"Silver"
27302,"Silver"
27307,"Silver"
27308,"Silver"
27311,"Silver"
27316,"Silver"
27321,"Silver"
27322,"Silver"
27326,"Silver"
27331,"Silver"
27337,"Silver"
27342,"Silver"
27349,"Silver"
27353,"Silver"
27372,"Silver"
27377,"Silver"
27381,"Silver"
27382,"Silver"
27395,"Silver"
27396,"Silver"
27402,"Silver"
27408,"Silver"
27410,"Silver"
27412,"Silver"
27421,"Silver"
27422,"Silver"
27426,"Silver"
27427,"Silver"
27429,"Silver"
27441,"Silver"
27447,"Silver"
27454,"Silver"
27462,"Silver"
27471,"Silver"
27519,"Silver"
27520,"Silver"
27522,"Silver"
27525,"Silver"
27529,"Silver"
27530,"Silver"
27536,"Silver"
27566,"Silver"
27569,"Silver"
27570,"Silver"
27578,"Silver"
27584,"Silver"
27602,"Silver"
27610,"Silver"
27614,"Silver"
27622,"Silver"
27635,"Silver"
27636,"Silver"
27647,"Silver"
27649,"Silver"
27664,"Silver"
27667,"Silver"
27670,"Silver"
27671,"Silver"
27680,"Silver"
27684,"Silver"
27688,"Silver"
27697,"Silver"
27715,"Silver"
27720,"Silver"
27728,"Silver"
27735,"Silver"
27736,"Silver"
27743,"Silver"
27746,"Silver"
27747,"Silver"
27757,"Silver"
27760,"Silver"
27761,"Silver"
27773,"Silver"
27787,"Silver"
27790,"Silver"
27793,"Silver"
27796,"Silver"
27805,"Silver"
27807,"Silver"
27815,"Silver"
27819,"Silver"
27821,"Silver"
27824,"Silver"
27833,"Silver"
27836,"Silver"
27846,"Silver"
27853,"Silver"
27854,"Silver"
27864,"Silver"
27865,"Silver"
27872,"Silver"
27886,"Silver"
27905,"Silver"
27916,"Silver"
27920,"Silver"
27922,"Silver"
27936,"Silver"
27938,"Silver"
27964,"Silver"
27971,"Silver"
27973,"Silver"
27976,"Silver"
27983,"Silver"
27987,"Silver"
27991,"Silver"
27992,"Silver"
28005,"Silver"
28016,"Silver"
28021,"Silver"
28029,"Silver"
28032,"Silver"
28033,"Silver"
28037,"Silver"
28038,"Silver"
28042,"Silver"
28047,"Silver"
28048,"Silver"
28050,"Silver"
28053,"Silver"
28054,"Silver"
28060,"Silver"
28062,"Silver"
28064,"Silver"
28067,"Silver"
28068,"Silver"
28073,"Silver"
28084,"Silver"
28086,"Silver"
28088,"Silver"
28091,"Silver"
28092,"Silver"
28094,"Silver"
28096,"Silver"
28103,"Silver"
28109,"Silver"
28118,"Silver"
28124,"Silver"
28129,"Silver"
28132,"Silver"
28143,"Silver"
28156,"Silver"
28164,"Silver"
28165,"Silver"
28168,"Silver"
28171,"Silver"
28173,"Silver"
28178,"Silver"
28179,"Silver"
28197,"Silver"
28206,"Silver"
28207,"Silver"
28219,"Silver"
28231,"Silver"
28233,"Silver"
28237,"Silver"
28243,"Silver"
28244,"Silver"
28251,"Silver"
28259,"Silver"
28261,"Silver"
28264,"Silver"
28265,"Silver"
28270,"Silver"
28275,"Silver"
28277,"Silver"
28278,"Silver"
28283,"Silver"
28285,"Silver"
28306,"Silver"
28308,"Silver"
28309,"Silver"
28315,"Silver"
28319,"Silver"
28320,"Silver"
28321,"Silver"
28325,"Silver"
28326,"Silver"
28331,"Silver"
28335,"Silver"
28346,"Silver"
28347,"Silver"
28348,"Silver"
28359,"Silver"
28363,"Silver"
28379,"Silver"
28381,"Silver"
28383,"Silver"
28388,"Silver"
28389,"Silver"
28392,"Silver"
28402,"Silver"
28406,"Silver"
28407,"Silver"
28408,"Silver"
28410,"Silver"
28411,"Silver"
28415,"Silver"
28416,"Silver"
28418,"Silver"
28421,"Silver"
28428,"Silver"
28431,"Silver"
28459,"Silver"
28489,"Silver"
28498,"Silver"
28502,"Silver"
28513,"Silver"
28537,"Silver"
28538,"Silver"
28553,"Silver"
28564,"Silver"
28587,"Silver"
28589,"Silver"
28592,"Silver"
28597,"Silver"
28599,"Silver"
28606,"Silver"
28622,"Silver"
28631,"Silver"
28636,"Silver"
28644,"Silver"
28648,"Silver"
28651,"Silver"
28652,"Silver"
28655,"Silver"
28656,"Silver"
28660,"Silver"
28669,"Silver"
28673,"Silver"
28686,"Silver"
28701,"Silver"
28732,"Silver"
28733,"Silver"
28735,"Silver"
28739,"Silver"
28753,"Silver"
28754,"Silver"
28771,"Silver"
28774,"Silver"
28779,"Silver"
28822,"Silver"
28833,"Silver"
28835,"Silver"
28845,"Silver"
28846,"Silver"
28881,"Silver"
28888,"Silver"
28911,"Silver"
28928,"Silver"
28950,"Silver"
28998,"Silver"
29001,"Silver"
29011,"Silver"
29013,"Silver"
29017,"Silver"
29019,"Silver"
29022,"Silver"
29043,"Silver"
29065,"Silver"
29067,"Silver"
29069,"Silver"
29070,"Silver"
29088,"Silver"
29090,"Silver"
29094,"Silver"
29096,"Silver"
29101,"Silver"
29102,"Silver"
29106,"Silver"
29115,"Silver"
29146,"Silver"
29149,"Silver"
29155,"Silver"
29162,"Silver"
29166,"Silver"
29172,"Silver"
29188,"Silver"
29221,"Silver"
29222,"Silver"
29223,"Silver"
29226,"Silver"
29234,"Silver"
29235,"Silver"
29243,"Silver"
29258,"Silver"
29270,"Silver"
29282,"Silver"
29288,"Silver"
29294,"Silver"
29296,"Silver"
29301,"Silver"
29314,"Silver"
29330,"Silver"
29399,"Silver"
29407,"Silver"
29442,"Silver"
29458,"Silver"
29478,"Silver"
29482,"Silver"
29485,"Silver"
29499,"Silver"
29503,"Silver"
29518,"Silver"
29519,"Silver"
29537,"Silver"
29547,"Silver"
29566,"Silver"
29571,"Silver"
29591,"Silver"
29613,"Silver"
30218,"Silver"
30219,"Silver"
30227,"Silver"
30229,"Silver"
30230,"Silver"
30231,"Silver"
30232,"Silver"
30237,"Silver"
30247,"Silver"
30248,"Silver"
30253,"Silver"
30255,"Silver"
30260,"Silver"
30267,"Silver"
30270,"Silver"
30274,"Silver"
30284,"Silver"
30288,"Silver"
30296,"Silver"
30298,"Silver"
30299,"Silver"
30313,"Silver"
30315,"Silver"
30324,"Silver"
30326,"Silver"
30328,"Silver"
30332,"Silver"
30334,"Silver"
30337,"Silver"
30338,"Silver"
30339,"Silver"
30340,"Silver"
30341,"Silver"
30343,"Silver"
30346,"Silver"
30349,"Silver"
30351,"Silver"
30354,"Silver"
30356,"Silver"
30364,"Silver"
30366,"Silver"
30367,"Silver"
30370,"Silver"
30371,"Silver"
30372,"Silver"
30373,"Silver"
30374,"Silver"
30375,"Silver"
30387,"Silver"
30392,"Silver"
30393,"Silver"
30394,"Silver"
30399,"Silver"
30402,"Silver"
30404,"Silver"
30405,"Silver"
30406,"Silver"
30412,"Silver"
30413,"Silver"
30415,"Silver"
30417,"Silver"
30418,"Silver"
30422,"Silver"
30423,"Silver"
30425,"Silver"
30426,"Silver"
30439,"Silver"
30440,"Silver"
30442,"Silver"
30443,"Silver"
30444,"Silver"
30445,"Silver"
30462,"Silver"
30465,"Silver"
30467,"Silver"
30469,"Silver"
30473,"Silver"
30476,"Silver"
30478,"Silver"
30479,"Silver"
30480,"Silver"
30498,"Silver"
30499,"Silver"
30500,"Silver"
30508,"Silver"
30509,"Silver"
30527,"Silver"
30528,"Silver"
30531,"Silver"
30532,"Silver"
30535,"Silver"
30536,"Silver"
30538,"Silver"
30539,"Silver"
30540,"Silver"
30541,"Silver"
30542,"Silver"
30543,"Silver"
30545,"Silver"
30549,"Silver"
30550,"Silver"
30552,"Silver"
30555,"Silver"
30559,"Silver"
30560,"Silver"
30561,"Silver"
30562,"Silver"
30564,"Silver"
30568,"Silver"
30569,"Silver"
30576,"Silver"
30577,"Silver"
30584,"Silver"
30585,"Silver"
30588,"Silver"
30591,"Silver"
30594,"Silver"
30599,"Silver"
30606,"Silver"
30608,"Silver"
30613,"Silver"
30614,"Silver"
30628,"Silver"
30630,"Silver"
30645,"Silver"
30646,"Silver"
30651,"Silver"
30652,"Silver"
30654,"Silver"
30655,"Silver"
30672,"Silver"
30673,"Silver"
30675,"Silver"
30677,"Silver"
30678,"Silver"
30679,"Silver"
30680,"Silver"
30682,"Silver"
30685,"Silver"
30692,"Silver"
30697,"Silver"
30703,"Silver"
30704,"Silver"
30709,"Silver"
30712,"Silver"
30713,"Silver"
30714,"Silver"
30716,"Silver"
30718,"Silver"
30720,"Silver"
30721,"Silver"
30731,"Silver"
30732,"Silver"
30733,"Silver"
30734,"Silver"
30737,"Silver"
30738,"Silver"
30739,"Silver"
30742,"Silver"
30743,"Silver"
30746,"Silver"
30747,"Silver"
30750,"Silver"
30752,"Silver"
30755,"Silver"
30759,"Silver"
30766,"Silver"
30768,"Silver"
30769,"Silver"
30772,"Silver"
30774,"Silver"
30775,"Silver"
30776,"Silver"
30779,"Silver"
30782,"Silver"
30786,"Silver"
30787,"Silver"
30789,"Silver"
30792,"Silver"
30793,"Silver"
30794,"Silver"
30796,"Silver"
30798,"Silver"
30801,"Silver"
30803,"Silver"
30807,"Silver"
30810,"Silver"
30816,"Silver"
30817,"Silver"
30821,"Silver"
30822,"Silver"
30824,"Silver"
30825,"Silver"
30827,"Silver"
30829,"Silver"
30831,"Silver"
30841,"Silver"
30844,"Silver"
30854,"Silver"
30860,"Silver"
30863,"Silver"
30865,"Silver"
30866,"Silver"
30870,"Silver"
30873,"Silver"
30881,"Silver"
30896,"Silver"
30906,"Silver"
30908,"Silver"
30910,"Silver"
30919,"Silver"
30920,"Silver"
30932,"Silver"
30933,"Silver"
30935,"Silver"
30936,"Silver"
30938,"Silver"
30939,"Silver"
30940,"Silver"
30944,"Silver"
30947,"Silver"
31253,"Silver"
31298,"Silver"
31398,"Silver"
31471,"Silver"
31477,"Silver"
31478,"Silver"
31491,"Silver"
31493,"Silver"
31496,"Silver"
31514,"Silver"
31519,"Silver"
31523,"Silver"
31546,"Silver"
31549,"Silver"
31551,"Silver"
31556,"Silver"
31559,"Silver"
31569,"Silver"
31578,"Silver"
31579,"Silver"
31582,"Silver"
31583,"Silver"
31590,"Silver"
31600,"Silver"
31608,"Silver"
31609,"Silver"
31613,"Silver"
31615,"Silver"
31618,"Silver"
31619,"Silver"
31622,"Silver"
31624,"Silver"
31628,"Silver"
31632,"Silver"
31640,"Silver"
31643,"Silver"
31645,"Silver"
31653,"Silver"
31655,"Silver"
31661,"Silver"
31663,"Silver"
31664,"Silver"
31666,"Silver"
31675,"Silver"
31677,"Silver"
31691,"Silver"
31698,"Silver"
31703,"Silver"
31708,"Silver"
31709,"Silver"
31723,"Silver"
31728,"Silver"
31741,"Silver"
31742,"Silver"
31756,"Silver"
31758,"Silver"
31759,"Silver"
31773,"Silver"
31780,"Silver"
31788,"Silver"
31789,"Silver"
31794,"Silver"
31797,"Silver"
31798,"Silver"
31800,"Silver"
31802,"Silver"
31803,"Silver"
31805,"Silver"
31806,"Silver"
31811,"Silver"
31815,"Silver"
31817,"Silver"
31818,"Silver"
31820,"Silver"
31827,"Silver"
31831,"Silver"
31832,"Silver"
31835,"Silver"
31845,"Silver"
31853,"Silver"
31854,"Silver"
31856,"Silver"
31859,"Silver"
31860,"Silver"
31861,"Silver"
31862,"Silver"
31867,"Silver"
31873,"Silver"
31876,"Silver"
31877,"Silver"
31879,"Silver"
31893,"Silver"
31894,"Silver"
31897,"Silver"
31898,"Silver"
31900,"Silver"
31909,"Silver"
31910,"Silver"
31917,"Silver"
31921,"Silver"
31924,"Silver"
31925,"Silver"
31928,"Silver"
31945,"Silver"
31947,"Silver"
31950,"Silver"
31953,"Silver"
31957,"Silver"
31959,"Silver"
31964,"Silver"
31972,"Silver"
31979,"Silver"
31984,"Silver"
31989,"Silver"
31997,"Silver"
32004,"Silver"
32005,"Silver"
32009,"Silver"
32017,"Silver"
32018,"Silver"
32019,"Silver"
32021,"Silver"
32025,"Silver"
32028,"Silver"
32033,"Silver"
32037,"Silver"
32038,"Silver"
32043,"Silver"
32044,"Silver"
32046,"Silver"
32051,"Silver"
32052,"Silver"
32054,"Silver"
32055,"Silver"
32057,"Silver"
32059,"Silver"
32060,"Silver"
32064,"Silver"
32065,"Silver"
32066,"Silver"
32073,"Silver"
32076,"Silver"
32077,"Silver"
32079,"Silver"
32082,"Silver"
32084,"Silver"
32085,"Silver"
32087,"Silver"
32089,"Silver"
32090,"Silver"
32091,"Silver"
32093,"Silver"
32094,"Silver"
32096,"Silver"
32097,"Silver"
32103,"Silver"
32106,"Silver"
32107,"Silver"
32109,"Silver"
32111,"Silver"
32113,"Silver"
32118,"Silver"
32119,"Silver"
32135,"Silver"
32136,"Silver"
32144,"Silver"
32176,"Silver"
32191,"Silver"
32198,"Silver"
32203,"Silver"
32207,"Silver"
32208,"Silver"
32212,"Silver"
32218,"Silver"
32224,"Silver"
32227,"Silver"
32235,"Silver"
32237,"Silver"
32240,"Silver"
32246,"Silver"
32256,"Silver"
32261,"Silver"
32264,"Silver"
32267,"Silver"
32271,"Silver"
32274,"Silver"
32277,"Silver"
32279,"Silver"
32280,"Silver"
32281,"Silver"
32282,"Silver"
32284,"Silver"
32287,"Silver"
32288,"Silver"
32289,"Silver"
32294,"Silver"
32296,"Silver"
32299,"Silver"
32300,"Silver"
32306,"Silver"
32308,"Silver"
32309,"Silver"
32314,"Silver"
32318,"Silver"
32322,"Silver"
32323,"Silver"
32325,"Silver"
32330,"Silver"
32334,"Silver"
32343,"Silver"
32344,"Silver"
32354,"Silver"
32360,"Silver"
32369,"Silver"
32370,"Silver"
32372,"Silver"
32377,"Silver"
32379,"Silver"
32381,"Silver"
32382,"Silver"
32384,"Silver"
32387,"Silver"
32391,"Silver"
32396,"Silver"
32398,"Silver"
32400,"Silver"
32401,"Silver"
32404,"Silver"
32409,"Silver"
32411,"Silver"
32412,"Silver"
32414,"Silver"
32416,"Silver"
32417,"Silver"
32419,"Silver"
32420,"Silver"
32426,"Silver"
32427,"Silver"
32434,"Silver"
32435,"Silver"
32440,"Silver"
32443,"Silver"
32446,"Silver"
32448,"Silver"
32454,"Silver"
32461,"Silver"
32466,"Silver"
32467,"Silver"
32469,"Silver"
32472,"Silver"
32477,"Silver"
32478,"Silver"
32479,"Silver"
32480,"Silver"
32484,"Silver"
32497,"Silver"
32499,"Silver"
32502,"Silver"
32503,"Silver"
32505,"Silver"
32508,"Silver"
32512,"Silver"
32521,"Silver"
32523,"Silver"
32525,"Silver"
32558,"Silver"
32574,"Silver"
32581,"Silver"
32591,"Silver"
32610,"Silver"
32624,"Silver"
32628,"Silver"
32632,"Silver"
32643,"Silver"
32644,"Silver"
32654,"Silver"
32658,"Silver"
32666,"Silver"
32683,"Silver"
32688,"Silver"
32691,"Silver"
32694,"Silver"
32697,"Silver"
32703,"Silver"
32704,"Silver"
32711,"Silver"
32712,"Silver"
32714,"Silver"
32719,"Silver"
32724,"Silver"
32725,"Silver"
32726,"Silver"
32730,"Silver"
32734,"Silver"
32737,"Silver"
32746,"Silver"
32751,"Silver"
32752,"Silver"
32757,"Silver"
32762,"Silver"
32766,"Silver"
32768,"Silver"
32773,"Silver"
32788,"Silver"
32792,"Silver"
32793,"Silver"
32794,"Silver"
32796,"Silver"
32797,"Silver"
32804,"Silver"
32806,"Silver"
32808,"Silver"
32810,"Silver"
32811,"Silver"
32813,"Silver"
32814,"Silver"
32816,"Silver"
32818,"Silver"
32819,"Silver"
32832,"Silver"
32843,"Silver"
32853,"Silver"
32863,"Silver"
32871,"Silver"
32874,"Silver"
32880,"Silver"
32888,"Silver"
32894,"Silver"
32899,"Silver"
32907,"Silver"
32911,"Silver"
32920,"Silver"
32928,"Silver"
32932,"Silver"
32935,"Silver"
32937,"Silver"
32938,"Silver"
32945,"Silver"
32947,"Silver"
32959,"Silver"
32963,"Silver"
32971,"Silver"
32973,"Silver"
32975,"Silver"
32982,"Silver"
32983,"Silver"
32984,"Silver"
32985,"Silver"
32990,"Silver"
32991,"Silver"
32995,"Silver"
32997,"Silver"
33005,"Silver"
33006,"Silver"
33012,"Silver"
33017,"Silver"
33018,"Silver"
33021,"Silver"
33028,"Silver"
33029,"Silver"
33030,"Silver"
33037,"Silver"
33044,"Silver"
33056,"Silver"
33063,"Silver"
33066,"Silver"
33069,"Silver"
33074,"Silver"
33081,"Silver"
33089,"Silver"
33095,"Silver"
33096,"Silver"
33102,"Silver"
33106,"Silver"
33108,"Silver"
33124,"Silver"
33127,"Silver"
33130,"Silver"
33132,"Silver"
33136,"Silver"
33139,"Silver"
33144,"Silver"
33149,"Silver"
33151,"Silver"
33155,"Silver"
33156,"Silver"
33161,"Silver"
33164,"Silver"
33172,"Silver"
33179,"Silver"
33182,"Silver"
33193,"Silver"
33195,"Silver"
33199,"Silver"
33200,"Silver"
33202,"Silver"
33203,"Silver"
33211,"Silver"
33214,"Silver"
33220,"Silver"
33223,"Silver"
33232,"Silver"
33239,"Silver"
33243,"Silver"
33244,"Silver"
33246,"Silver"
33260,"Silver"
33268,"Silver"
33269,"Silver"
33274,"Silver"
33282,"Silver"
33284,"Silver"
33290,"Silver"
33291,"Silver"
33295,"Silver"
33297,"Silver"
33300,"Silver"
33301,"Silver"
33308,"Silver"
33309,"Silver"
33313,"Silver"
33319,"Silver"
33324,"Silver"
33325,"Silver"
33327,"Silver"
33328,"Silver"
33335,"Silver"
33345,"Silver"
33347,"Silver"
33349,"Silver"
33361,"Silver"
33362,"Silver"
33369,"Silver"
33370,"Silver"
33371,"Silver"
33372,"Silver"
33375,"Silver"
33382,"Silver"
33385,"Silver"
33386,"Silver"
33388,"Silver"
33391,"Silver"
33399,"Silver"
33401,"Silver"
33402,"Silver"
33403,"Silver"
33409,"Silver"
33420,"Silver"
33427,"Silver"
33439,"Silver"
33441,"Silver"
33449,"Silver"
33454,"Silver"
33456,"Silver"
33458,"Silver"
33462,"Silver"
33465,"Silver"
33469,"Silver"
33471,"Silver"
33472,"Silver"
33473,"Silver"
33476,"Silver"
33478,"Silver"
33479,"Silver"
33483,"Silver"
33484,"Silver"
33485,"Silver"
33490,"Silver"
33491,"Silver"
33493,"Silver"
33495,"Silver"
33496,"Silver"
33497,"Silver"
33499,"Silver"
33500,"Silver"
33501,"Silver"
33507,"Silver"
33509,"Silver"
33510,"Silver"
33513,"Silver"
33517,"Silver"
33520,"Silver"
33529,"Silver"
33532,"Silver"
33535,"Silver"
33541,"Silver"
33542,"Silver"
33545,"Silver"
33546,"Silver"
33550,"Silver"
33552,"Silver"
33561,"Silver"
33564,"Silver"
33567,"Silver"
33569,"Silver"
33570,"Silver"
33571,"Silver"
33573,"Silver"
33574,"Silver"
33575,"Silver"
33596,"Silver"
33622,"Silver"
33632,"Silver"
33637,"Silver"
33638,"Silver"
33655,"Silver"
33674,"Silver"
33676,"Silver"
33682,"Silver"
33701,"Silver"
33706,"Silver"
33712,"Silver"
33748,"Silver"
33757,"Silver"
33785,"Silver"
33792,"Silver"
33794,"Silver"
33798,"Silver"
33802,"Silver"
33809,"Silver"
33814,"Silver"
33834,"Silver"
33860,"Silver"
33885,"Silver"
33889,"Silver"
33892,"Silver"
33904,"Silver"
33911,"Silver"
33952,"Silver"
33964,"Silver"
33968,"Silver"
33976,"Silver"
33980,"Silver"
33983,"Silver"
33986,"Silver"
33987,"Silver"
33992,"Silver"
33994,"Silver"
33995,"Silver"
34005,"Silver"
34014,"Silver"
34016,"Silver"
34017,"Silver"
34018,"Silver"
34022,"Silver"
34023,"Silver"
34029,"Silver"
34030,"Silver"
34031,"Silver"
34033,"Silver"
34042,"Silver"
34046,"Silver"
34047,"Silver"
34049,"Silver"
34056,"Silver"
34057,"Silver"
34078,"Silver"
34081,"Silver"
34084,"Silver"
34097,"Silver"
34109,"Silver"
34112,"Silver"
34128,"Silver"
34129,"Silver"
34141,"Silver"
34144,"Silver"
34149,"Silver"
34447,"Silver"
34784,"Silver"
34788,"Silver"
34793,"Silver"
34798,"Silver"
34802,"Silver"
34803,"Silver"
34807,"Silver"
34808,"Silver"
34815,"Silver"
34817,"Silver"
34823,"Silver"
34824,"Silver"
34825,"Silver"
34834,"Silver"
34835,"Silver"
34836,"Silver"
34838,"Silver"
34840,"Silver"
34841,"Silver"
34845,"Silver"
34848,"Silver"
34852,"Silver"
34853,"Silver"
34854,"Silver"
34855,"Silver"
34857,"Silver"
34859,"Silver"
34861,"Silver"
34865,"Silver"
34866,"Silver"
34869,"Silver"
34871,"Silver"
34873,"Silver"
34874,"Silver"
34877,"Silver"
34879,"Silver"
34880,"Silver"
34883,"Silver"
34885,"Silver"
34889,"Silver"
34891,"Silver"
34893,"Silver"
34894,"Silver"
34896,"Silver"
34897,"Silver"
34898,"Silver"
34900,"Silver"
34901,"Silver"
34905,"Silver"
34908,"Silver"
34910,"Silver"
34912,"Silver"
34914,"Silver"
34915,"Silver"
34916,"Silver"
34925,"Silver"
34926,"Silver"
34928,"Silver"
34929,"Silver"
34931,"Silver"
34933,"Silver"
34934,"Silver"
34938,"Silver"
34940,"Silver"
34942,"Silver"
34943,"Silver"
34944,"Silver"
34951,"Silver"
34952,"Silver"
34954,"Silver"
34955,"Silver"
34958,"Silver"
34963,"Silver"
34967,"Silver"
35013,"Silver"
35023,"Silver"
35027,"Silver"
35029,"Silver"
35030,"Silver"
35032,"Silver"
35033,"Silver"
35034,"Silver"
35035,"Silver"
35036,"Silver"
35041,"Silver"
35043,"Silver"
35045,"Silver"
35046,"Silver"
35051,"Silver"
35052,"Silver"
35053,"Silver"
35061,"Silver"
35062,"Silver"
35063,"Silver"
35064,"Silver"
35065,"Silver"
35068,"Silver"
35069,"Silver"
35070,"Silver"
35071,"Silver"
35072,"Silver"
35073,"Silver"
35076,"Silver"
35077,"Silver"
35082,"Silver"
35084,"Silver"
35085,"Silver"
35086,"Silver"
35088,"Silver"
35089,"Silver"
35090,"Silver"
35091,"Silver"
35093,"Silver"
35094,"Silver"
35095,"Silver"
35098,"Silver"
35102,"Silver"
35108,"Silver"
35113,"Silver"
35115,"Silver"
35117,"Silver"
35120,"Silver"
35124,"Silver"
35125,"Silver"
35126,"Silver"
35129,"Silver"
35130,"Silver"
35133,"Silver"
35135,"Silver"
35136,"Silver"
35137,"Silver"
35138,"Silver"
35140,"Silver"
35147,"Silver"
35149,"Silver"
35152,"Silver"
35153,"Silver"
35157,"Silver"
35158,"Silver"
35159,"Silver"
35160,"Silver"
35164,"Silver"
35168,"Silver"
35171,"Silver"
35173,"Silver"
35177,"Silver"
35196,"Silver"
35202,"Silver"
35203,"Silver"
35206,"Silver"
35207,"Silver"
35208,"Silver"
35209,"Silver"
35211,"Silver"
35212,"Silver"
35213,"Silver"
35214,"Silver"
35216,"Silver"
35223,"Silver"
35224,"Silver"
35233,"Silver"
35236,"Silver"
35239,"Silver"
35240,"Silver"
35241,"Silver"
35247,"Silver"
35248,"Silver"
35249,"Silver"
35250,"Silver"
35253,"Silver"
35258,"Silver"
35261,"Silver"
35262,"Silver"
35263,"Silver"
35265,"Silver"
35266,"Silver"
35268,"Silver"
35269,"Silver"
35271,"Silver"
35274,"Silver"
35275,"Silver"
35278,"Silver"
35279,"Silver"
35280,"Silver"
35282,"Silver"
35283,"Silver"
35288,"Silver"
35293,"Silver"
35298,"Silver"
35306,"Silver"
35309,"Silver"
35324,"Silver"
35338,"Silver"
35349,"Silver"
35357,"Silver"
35361,"Silver"
35363,"Silver"
35391,"Silver"
35392,"Silver"
35394,"Silver"
35397,"Silver"
35399,"Silver"
35400,"Silver"
35401,"Silver"
35402,"Silver"
35408,"Silver"
35411,"Silver"
35415,"Silver"
35416,"Silver"
35418,"Silver"
35568,"Silver"
35570,"Silver"
35571,"Silver"
35572,"Silver"
35576,"Silver"
35578,"Silver"
35579,"Silver"
35582,"Silver"
35583,"Silver"
35586,"Silver"
35587,"Silver"
35589,"Silver"
35596,"Silver"
35597,"Silver"
35598,"Silver"
35601,"Silver"
35603,"Silver"
35604,"Silver"
35606,"Silver"
35607,"Silver"
35608,"Silver"
35609,"Silver"
35610,"Silver"
35612,"Silver"
35614,"Silver"
35615,"Silver"
35616,"Silver"
35617,"Silver"
35619,"Silver"
35622,"Silver"
35623,"Silver"
35624,"Silver"
35625,"Silver"
35626,"Silver"
35627,"Silver"
35630,"Silver"
35634,"Silver"
35636,"Silver"
35637,"Silver"
35638,"Silver"
35639,"Silver"
35640,"Silver"
35641,"Silver"
35642,"Silver"
35644,"Silver"
35648,"Silver"
35650,"Silver"
35651,"Silver"
35654,"Silver"
35659,"Silver"
35660,"Silver"
35664,"Silver"
35666,"Silver"
35668,"Silver"
35673,"Silver"
35674,"Silver"
35677,"Silver"
35678,"Silver"
35679,"Silver"
35682,"Silver"
35683,"Silver"
35684,"Silver"
35685,"Silver"
35686,"Silver"
35687,"Silver"
35688,"Silver"
35691,"Silver"
35692,"Silver"
35693,"Silver"
35694,"Silver"
35700,"Silver"
35704,"Silver"
35706,"Silver"
35707,"Silver"
35711,"Silver"
35714,"Silver"
35724,"Silver"
35732,"Silver"
35740,"Silver"
35745,"Silver"
35751,"Silver"
35752,"Silver"
35756,"Silver"
35757,"Silver"
35759,"Silver"
35760,"Silver"
35761,"Silver"
35763,"Silver"
35764,"Silver"
35766,"Silver"
35767,"Silver"
35768,"Silver"
35771,"Silver"
35772,"Silver"
35775,"Silver"
35781,"Silver"
35782,"Silver"
35784,"Silver"
35805,"Silver"
35808,"Silver"
35809,"Silver"
35810,"Silver"
35811,"Silver"
35812,"Silver"
35813,"Silver"
35814,"Silver"
35815,"Silver"
35816,"Silver"
35817,"Silver"
35818,"Silver"
35819,"Silver"
35820,"Silver"
35822,"Silver"
35824,"Silver"
35825,"Silver"
35826,"Silver"
35827,"Silver"
35828,"Silver"
35831,"Silver"
35834,"Silver"
35835,"Silver"
35836,"Silver"
35838,"Silver"
35840,"Silver"
35847,"Silver"
35848,"Silver"
35850,"Silver"
35852,"Silver"
35853,"Silver"
35854,"Silver"
35855,"Silver"
35857,"Silver"
35860,"Silver"
35862,"Silver"
35863,"Silver"
35864,"Silver"
35866,"Silver"
35867,"Silver"
35868,"Silver"
35869,"Silver"
35872,"Silver"
35880,"Silver"
35884,"Silver"
35886,"Silver"
35888,"Silver"
35890,"Silver"
35891,"Silver"
35892,"Silver"
35895,"Silver"
35896,"Silver"
35898,"Silver"
35901,"Silver"
35903,"Silver"
35904,"Silver"
35906,"Silver"
35910,"Silver"
35911,"Silver"
35914,"Silver"
35915,"Silver"
35919,"Silver"
35922,"Silver"
35923,"Silver"
35924,"Silver"
35927,"Silver"
35928,"Silver"
35930,"Silver"
35935,"Silver"
35936,"Silver"
35938,"Silver"
35940,"Silver"
35941,"Silver"
35942,"Silver"
35943,"Silver"
35946,"Silver"
35947,"Silver"
35949,"Silver"
35950,"Silver"
35954,"Silver"
35955,"Silver"
35957,"Silver"
35960,"Silver"
35961,"Silver"
35964,"Silver"
35969,"Silver"
35971,"Silver"
35972,"Silver"
35974,"Silver"
35976,"Silver"
35978,"Silver"
35982,"Silver"
35983,"Silver"
36011,"Silver"
36013,"Silver"
36024,"Silver"
36025,"Silver"
36026,"Silver"
36027,"Silver"
36028,"Silver"
36030,"Silver"
36037,"Silver"
36038,"Silver"
36039,"Silver"
36040,"Silver"
36041,"Silver"
36042,"Silver"
36044,"Silver"
36045,"Silver"
36049,"Silver"
36051,"Silver"
36052,"Silver"
36053,"Silver"
36054,"Silver"
36056,"Silver"
36059,"Silver"
36062,"Silver"
36063,"Silver"
36064,"Silver"
36065,"Silver"
36067,"Silver"
36068,"Silver"
36069,"Silver"
36071,"Silver"
36072,"Silver"
36073,"Silver"
36074,"Silver"
36076,"Silver"
36077,"Silver"
36079,"Silver"
36081,"Silver"
36084,"Silver"
36086,"Silver"
36090,"Silver"
36091,"Silver"
36092,"Silver"
36093,"Silver"
36094,"Silver"
36096,"Silver"
36099,"Silver"
36100,"Silver"
36102,"Silver"
36103,"Silver"
36104,"Silver"
36105,"Silver"
36106,"Silver"
36107,"Silver"
36108,"Silver"
36110,"Silver"
36112,"Silver"
36115,"Silver"
36116,"Silver"
36118,"Silver"
36119,"Silver"
36120,"Silver"
36121,"Silver"
36122,"Silver"
36123,"Silver"
36124,"Silver"
36126,"Silver"
36127,"Silver"
36128,"Silver"
36129,"Silver"
36130,"Silver"
36131,"Silver"
36132,"Silver"
36133,"Silver"
36134,"Silver"
36135,"Silver"
36136,"Silver"
36139,"Silver"
36140,"Silver"
36145,"Silver"
36146,"Silver"
36148,"Silver"
36150,"Silver"
36151,"Silver"
36152,"Silver"
36154,"Silver"
36156,"Silver"
36158,"Silver"
36160,"Silver"
36162,"Silver"
36165,"Silver"
36169,"Silver"
36170,"Silver"
36171,"Silver"
36172,"Silver"
36173,"Silver"
36174,"Silver"
36176,"Silver"
36177,"Silver"
36179,"Silver"
36185,"Silver"
36186,"Silver"
36189,"Silver"
36190,"Silver"
36191,"Silver"
36193,"Silver"
36195,"Silver"
36196,"Silver"
36198,"Silver"
36199,"Silver"
36200,"Silver"
36201,"Silver"
36205,"Silver"
36209,"Silver"
36210,"Silver"
36211,"Silver"
36212,"Silver"
36213,"Silver"
36214,"Silver"
36216,"Silver"
36218,"Silver"
36219,"Silver"
36221,"Silver"
36222,"Silver"
36223,"Silver"
36226,"Silver"
36232,"Silver"
36233,"Silver"
36235,"Silver"
36241,"Silver"
36243,"Silver"
36244,"Silver"
36245,"Silver"
36246,"Silver"
36247,"Silver"
36248,"Silver"
36250,"Silver"
36251,"Silver"
36252,"Silver"
36254,"Silver"
36255,"Silver"
36256,"Silver"
36257,"Silver"
36258,"Silver"
36261,"Silver"
36262,"Silver"
36264,"Silver"
36265,"Silver"
36266,"Silver"
36269,"Silver"
36270,"Silver"
36271,"Silver"
36272,"Silver"
36273,"Silver"
36275,"Silver"
36277,"Silver"
36278,"Silver"
36279,"Silver"
36280,"Silver"
36281,"Silver"
36282,"Silver"
36285,"Silver"
36286,"Silver"
36289,"Silver"
36290,"Silver"
36291,"Silver"
36294,"Silver"
36295,"Silver"
36297,"Silver"
36299,"Silver"
36304,"Silver"
36310,"Silver"
36311,"Silver"
36312,"Silver"
36314,"Silver"
36316,"Silver"
36319,"Silver"
36320,"Silver"
36321,"Silver"
36324,"Silver"
36326,"Silver"
36327,"Silver"
36329,"Silver"
36332,"Silver"
36333,"Silver"
36337,"Silver"
36344,"Silver"
36346,"Silver"
36347,"Silver"
36351,"Silver"
36354,"Silver"
36356,"Silver"
36358,"Silver"
36360,"Silver"
36363,"Silver"
36366,"Silver"
36367,"Silver"
36368,"Silver"
36372,"Silver"
36373,"Silver"
36381,"Silver"
36383,"Silver"
36384,"Silver"
36385,"Silver"
36386,"Silver"
36387,"Silver"
36388,"Silver"
36389,"Silver"
36390,"Silver"
36393,"Silver"
36395,"Silver"
36397,"Silver"
36400,"Silver"
36405,"Silver"
36406,"Silver"
36407,"Silver"
36408,"Silver"
36411,"Silver"
36412,"Silver"
36414,"Silver"
36415,"Silver"
36416,"Silver"
36417,"Silver"
36419,"Silver"
36421,"Silver"
36422,"Silver"
36423,"Silver"
36424,"Silver"
36426,"Silver"
36427,"Silver"
36428,"Silver"
36429,"Silver"
36430,"Silver"
36434,"Silver"
36435,"Silver"
36436,"Silver"
36437,"Silver"
36440,"Silver"
36441,"Silver"
36443,"Silver"
36446,"Silver"
36447,"Silver"
36448,"Silver"
36449,"Silver"
36555,"Silver"
36988,"Silver"
37191,"Silver"
37192,"Silver"
37193,"Silver"
37194,"Silver"
37195,"Silver"
37200,"Silver"
37202,"Silver"
37203,"Silver"
37205,"Silver"
37209,"Silver"
37210,"Silver"
37211,"Silver"
37212,"Silver"
37213,"Silver"
37214,"Silver"
37215,"Silver"
37217,"Silver"
37218,"Silver"
37219,"Silver"
37223,"Silver"
37225,"Silver"
37226,"Silver"
37229,"Silver"
37231,"Silver"
37233,"Silver"
37234,"Silver"
37235,"Silver"
37236,"Silver"
37237,"Silver"
37243,"Silver"
37244,"Silver"
37248,"Silver"
37250,"Silver"
37252,"Silver"
37253,"Silver"
37257,"Silver"
37259,"Silver"
37260,"Silver"
37262,"Silver"
37263,"Silver"
37265,"Silver"
37266,"Silver"
37267,"Silver"
37268,"Silver"
37269,"Silver"
37270,"Silver"
37271,"Silver"
37276,"Silver"
37277,"Silver"
37278,"Silver"
37280,"Silver"
37281,"Silver"
37282,"Silver"
37283,"Silver"
37284,"Silver"
37285,"Silver"
37289,"Silver"
37290,"Silver"
37291,"Silver"
37292,"Silver"
37294,"Silver"
37296,"Silver"
37297,"Silver"
37298,"Silver"
37299,"Silver"
37300,"Silver"
37301,"Silver"
37302,"Silver"
37303,"Silver"
37305,"Silver"
37306,"Silver"
37307,"Silver"
37309,"Silver"
37310,"Silver"
37311,"Silver"
37312,"Silver"
37313,"Silver"
37314,"Silver"
37316,"Silver"
37317,"Silver"
37318,"Silver"
37321,"Silver"
37322,"Silver"
37323,"Silver"
37324,"Silver"
37326,"Silver"
37327,"Silver"
37328,"Silver"
37329,"Silver"
37331,"Silver"
37332,"Silver"
37333,"Silver"
37334,"Silver"
37335,"Silver"
37336,"Silver"
37338,"Silver"
37341,"Silver"
37343,"Silver"
37346,"Silver"
37347,"Silver"
37348,"Silver"
37349,"Silver"
37350,"Silver"
37351,"Silver"
37354,"Silver"
37355,"Silver"
37357,"Silver"
37361,"Silver"
37362,"Silver"
37363,"Silver"
37366,"Silver"
37368,"Silver"
37372,"Silver"
37375,"Silver"
37377,"Silver"
37378,"Silver"
37380,"Silver"
37381,"Silver"
37383,"Silver"
37385,"Silver"
37386,"Silver"
37387,"Silver"
37393,"Silver"
37394,"Silver"
37395,"Silver"
37396,"Silver"
37397,"Silver"
37398,"Silver"
37399,"Silver"
37400,"Silver"
37401,"Silver"
37402,"Silver"
37403,"Silver"
37404,"Silver"
37405,"Silver"
37408,"Silver"
37411,"Silver"
37412,"Silver"
37414,"Silver"
37415,"Silver"
37416,"Silver"
37417,"Silver"
37418,"Silver"
37420,"Silver"
37423,"Silver"
37424,"Silver"
37426,"Silver"
37428,"Silver"
37429,"Silver"
37430,"Silver"
37432,"Silver"
37434,"Silver"
37435,"Silver"
37437,"Silver"
37438,"Silver"
37441,"Silver"
37444,"Silver"
37445,"Silver"
37446,"Silver"
37447,"Silver"
37448,"Silver"
37449,"Silver"
37450,"Silver"
37451,"Silver"
37452,"Silver"
37460,"Silver"
37464,"Silver"
37467,"Silver"
37471,"Silver"
37473,"Silver"
37477,"Silver"
37479,"Silver"
37483,"Silver"
37484,"Silver"
37487,"Silver"
37488,"Silver"
37489,"Silver"
37491,"Silver"
37492,"Silver"
37497,"Silver"
37499,"Silver"
37500,"Silver"
37501,"Silver"
37502,"Silver"
37503,"Silver"
37507,"Silver"
37509,"Silver"
37511,"Silver"
37512,"Silver"
37513,"Silver"
37514,"Silver"
37516,"Silver"
37522,"Silver"
37523,"Silver"
37525,"Silver"
37526,"Silver"
37527,"Silver"
37528,"Silver"
37529,"Silver"
37530,"Silver"
37531,"Silver"
37532,"Silver"
37535,"Silver"
37536,"Silver"
37540,"Silver"
37541,"Silver"
37542,"Silver"
37543,"Silver"
37546,"Silver"
37547,"Silver"
37548,"Silver"
37549,"Silver"
37550,"Silver"
37553,"Silver"
37555,"Silver"
37556,"Silver"
37557,"Silver"
37560,"Silver"
37562,"Silver"
37563,"Silver"
37564,"Silver"
37565,"Silver"
37566,"Silver"
37567,"Silver"
37568,"Silver"
37570,"Silver"
37571,"Silver"
37572,"Silver"
37574,"Silver"
37575,"Silver"
37580,"Silver"
37581,"Silver"
37582,"Silver"
37584,"Silver"
37585,"Silver"
37589,"Silver"
37590,"Silver"
37592,"Silver"
37594,"Silver"
37596,"Silver"
37597,"Silver"
37598,"Silver"
37599,"Silver"
37600,"Silver"
37602,"Silver"
37603,"Silver"
37605,"Silver"
37607,"Silver"
37610,"Silver"
37611,"Silver"
37612,"Silver"
37615,"Silver"
37616,"Silver"
37618,"Silver"
37620,"Silver"
37621,"Silver"
37622,"Silver"
37624,"Silver"
37625,"Silver"
37626,"Silver"
37627,"Silver"
37628,"Silver"
37629,"Silver"
37633,"Silver"
37634,"Silver"
37635,"Silver"
37636,"Silver"
37637,"Silver"
37638,"Silver"
37639,"Silver"
37640,"Silver"
37641,"Silver"
37642,"Silver"
37643,"Silver"
37645,"Silver"
37646,"Silver"
37648,"Silver"
37649,"Silver"
37651,"Silver"
37652,"Silver"
37653,"Silver"
37654,"Silver"
37655,"Silver"
37657,"Silver"
37659,"Silver"
37660,"Silver"
37662,"Silver"
37665,"Silver"
37667,"Silver"
37668,"Silver"
37669,"Silver"
37670,"Silver"
37672,"Silver"
37674,"Silver"
37677,"Silver"
37678,"Silver"
37680,"Silver"
37681,"Silver"
37682,"Silver"
37683,"Silver"
37685,"Silver"
37686,"Silver"
37688,"Silver"
37690,"Silver"
37693,"Silver"
37694,"Silver"
37695,"Silver"
37696,"Silver"
37698,"Silver"
37700,"Silver"
37701,"Silver"
37703,"Silver"
37704,"Silver"
37706,"Silver"
37709,"Silver"
37710,"Silver"
37711,"Silver"
37712,"Silver"
37713,"Silver"
37714,"Silver"
37715,"Silver"
37718,"Silver"
37719,"Silver"
37720,"Silver"
37724,"Silver"
37726,"Silver"
37727,"Silver"
37729,"Silver"
37730,"Silver"
37731,"Silver"
37732,"Silver"
37733,"Silver"
37734,"Silver"
37735,"Silver"
37736,"Silver"
37738,"Silver"
37739,"Silver"
37740,"Silver"
37741,"Silver"
37743,"Silver"
37747,"Silver"
37748,"Silver"
37749,"Silver"
37751,"Silver"
37752,"Silver"
37755,"Silver"
37756,"Silver"
37757,"Silver"
37758,"Silver"
37760,"Silver"
37761,"Silver"
37762,"Silver"
37764,"Silver"
37767,"Silver"
37768,"Silver"
37770,"Silver"
37771,"Silver"
37773,"Silver"
37774,"Silver"
37778,"Silver"
37779,"Silver"
37780,"Silver"
37784,"Silver"
37785,"Silver"
37787,"Silver"
37788,"Silver"
37789,"Silver"
37791,"Silver"
37792,"Silver"
37793,"Silver"
37794,"Silver"
37798,"Silver"
37803,"Silver"
37805,"Silver"
37806,"Silver"
37807,"Silver"
37808,"Silver"
37809,"Silver"
37810,"Silver"
37812,"Silver"
37813,"Silver"
37814,"Silver"
37815,"Silver"
37816,"Silver"
37817,"Silver"
37818,"Silver"
37819,"Silver"
37820,"Silver"
37822,"Silver"
37824,"Silver"
37827,"Silver"
37828,"Silver"
37829,"Silver"
37830,"Silver"
37831,"Silver"
37832,"Silver"
37835,"Silver"
37836,"Silver"
37837,"Silver"
37838,"Silver"
37840,"Silver"
37841,"Silver"
37843,"Silver"
37844,"Silver"
37845,"Silver"
37846,"Silver"
37847,"Silver"
37848,"Silver"
37853,"Silver"
37855,"Silver"
37856,"Silver"
37857,"Silver"
37859,"Silver"
37861,"Silver"
37862,"Silver"
37863,"Silver"
37864,"Silver"
37865,"Silver"
37866,"Silver"
37868,"Silver"
37871,"Silver"
37872,"Silver"
37875,"Silver"
37878,"Silver"
37879,"Silver"
37880,"Silver"
37881,"Silver"
37882,"Silver"
37884,"Silver"
37885,"Silver"
37886,"Silver"
37888,"Silver"
37890,"Silver"
37892,"Silver"
37894,"Silver"
37896,"Silver"
37898,"Silver"
37900,"Silver"
37901,"Silver"
37902,"Silver"
37903,"Silver"
37907,"Silver"
37908,"Silver"
37909,"Silver"
37910,"Silver"
37911,"Silver"
37912,"Silver"
37914,"Silver"
37915,"Silver"
37916,"Silver"
37918,"Silver"
37919,"Silver"
37924,"Silver"
37925,"Silver"
37928,"Silver"
37930,"Silver"
37932,"Silver"
37934,"Silver"
37936,"Silver"
37938,"Silver"
37940,"Silver"
37941,"Silver"
37942,"Silver"
37943,"Silver"
37944,"Silver"
37946,"Silver"
37947,"Silver"
37948,"Silver"
37950,"Silver"
37952,"Silver"
37955,"Silver"
37956,"Silver"
37957,"Silver"
37958,"Silver"
37959,"Silver"
37960,"Silver"
37961,"Silver"
37962,"Silver"
37963,"Silver"
37964,"Silver"
37967,"Silver"
37968,"Silver"
37969,"Silver"
38026,"Silver"
38033,"Silver"
38034,"Silver"
38036,"Silver"
38038,"Silver"
38039,"Silver"
38043,"Silver"
38045,"Silver"
38046,"Silver"
38049,"Silver"
38051,"Silver"
38054,"Silver"
38056,"Silver"
38059,"Silver"
38060,"Silver"
38061,"Silver"
38065,"Silver"
38069,"Silver"
38072,"Silver"
38073,"Silver"
38075,"Silver"
38076,"Silver"
38078,"Silver"
38083,"Silver"
38084,"Silver"
38086,"Silver"
38087,"Silver"
38088,"Silver"
38090,"Silver"
38091,"Silver"
38092,"Silver"
38094,"Silver"
38095,"Silver"
38096,"Silver"
38097,"Silver"
38098,"Silver"
38100,"Silver"
38101,"Silver"
38102,"Silver"
38106,"Silver"
38108,"Silver"
38110,"Silver"
38112,"Silver"
38114,"Silver"
38115,"Silver"
38119,"Silver"
38120,"Silver"
38121,"Silver"
38125,"Silver"
38127,"Gold"
38129,"Gold"
38130,"Gold"
38131,"Gold"
38133,"Gold"
38134,"Gold"
38138,"Gold"
38139,"Gold"
38140,"Gold"
38142,"Gold"
38143,"Gold"
38144,"Gold"
38146,"Gold"
38149,"Gold"
38150,"Gold"
38155,"Gold"
38156,"Gold"
38160,"Gold"
38161,"Gold"
38163,"Gold"
38165,"Gold"
38166,"Gold"
38169,"Gold"
38170,"Gold"
38171,"Gold"
38172,"Gold"
38173,"Gold"
38176,"Gold"
38178,"Gold"
38179,"Gold"
38181,"Gold"
38183,"Gold"
38184,"Gold"
38393,"Gold"
38396,"Gold"
38410,"Gold"
38414,"Gold"
38415,"Gold"
38417,"Gold"
38419,"Gold"
38420,"Gold"
38422,"Gold"
38423,"Gold"
38429,"Gold"
38430,"Gold"
38431,"Gold"
38432,"Gold"
38438,"Gold"
38439,"Gold"
38441,"Gold"
38445,"Gold"
38448,"Gold"
38449,"Gold"
38466,"Gold"
38468,"Gold"
38474,"Gold"
38475,"Gold"
38478,"Gold"
38480,"Gold"
38482,"Gold"
38486,"Gold"
38489,"Gold"
38496,"Gold"
38498,"Gold"
38510,"Gold"
38513,"Gold"
38514,"Gold"
38515,"Gold"
38516,"Gold"
38518,"Gold"
38520,"Gold"
38526,"Gold"
38527,"Gold"
38528,"Gold"
38531,"Gold"
38536,"Gold"
38537,"Gold"
38541,"Gold"
38544,"Gold"
38545,"Gold"
38547,"Gold"
38549,"Gold"
38553,"Gold"
38554,"Gold"
38570,"Gold"
38575,"Gold"
38579,"Gold"
38580,"Gold"
38581,"Gold"
38582,"Gold"
38589,"Gold"
38590,"Gold"
38594,"Gold"
38596,"Gold"
38600,"Gold"
38603,"Gold"
38606,"Gold"
38607,"Gold"
38609,"Gold"
38610,"Gold"
38611,"Gold"
38613,"Gold"
38615,"Gold"
38621,"Gold"
38631,"Gold"
38632,"Gold"
38634,"Gold"
38635,"Gold"
38638,"Gold"
38641,"Gold"
38642,"Gold"
38643,"Gold"
38647,"Gold"
38648,"Gold"
38649,"Gold"
38650,"Gold"
38651,"Gold"
38654,"Gold"
38659,"Gold"
38662,"Gold"
38663,"Gold"
38665,"Gold"
38669,"Gold"
38670,"Gold"
38671,"Gold"
38672,"Gold"
38674,"Gold"
38675,"Gold"
38680,"Gold"
38686,"Gold"
38687,"Gold"
38696,"Gold"
38698,"Gold"
38699,"Gold"
38702,"Gold"
38704,"Gold"
38706,"Gold"
38709,"Gold"
38712,"Gold"
38716,"Gold"
38721,"Gold"
38725,"Gold"
38726,"Gold"
38727,"Gold"
38729,"Gold"
38730,"Gold"
38733,"Gold"
38737,"Gold"
38740,"Gold"
38743,"Gold"
38749,"Gold"
38752,"Gold"
38756,"Gold"
38759,"Gold"
38761,"Gold"
38764,"Gold"
38766,"Gold"
38768,"Gold"
38769,"Gold"
38770,"Gold"
38771,"Gold"
38774,"Gold"
38781,"Gold"
38785,"Gold"
38786,"Gold"
38791,"Gold"
38794,"Gold"
38795,"Gold"
38801,"Gold"
38804,"Gold"
38805,"Gold"
38809,"Gold"
38812,"Gold"
38813,"Gold"
38817,"Gold"
38826,"Gold"
38829,"Gold"
38832,"Gold"
38836,"Gold"
38839,"Gold"
38841,"Gold"
38846,"Gold"
38848,"Gold"
38849,"Gold"
38852,"Gold"
38856,"Gold"
38857,"Gold"
38859,"Gold"
38861,"Gold"
38862,"Gold"
38863,"Gold"
38865,"Gold"
38866,"Gold"
38869,"Gold"
38870,"Gold"
38872,"Gold"
38875,"Gold"
38876,"Gold"
38882,"Gold"
38885,"Gold"
38887,"Gold"
38891,"Gold"
38893,"Gold"
38896,"Gold"
38897,"Gold"
38898,"Gold"
38899,"Gold"
38902,"Gold"
38906,"Gold"
38911,"Gold"
38912,"Gold"
38914,"Gold"
38917,"Gold"
38921,"Gold"
38923,"Gold"
38926,"Gold"
38927,"Gold"
38932,"Gold"
38940,"Gold"
38953,"Gold"
38954,"Gold"
38955,"Gold"
38972,"Gold"
38975,"Gold"
38983,"Gold"
38985,"Gold"
38990,"Gold"
38991,"Gold"
38992,"Gold"
38999,"Gold"
39003,"Gold"
39009,"Gold"
39020,"Gold"
39037,"Gold"
39038,"Gold"
39040,"Gold"
39041,"Gold"
39054,"Gold"
39056,"Gold"
39057,"Gold"
39062,"Gold"
39065,"Gold"
39069,"Gold"
39070,"Gold"
39073,"Gold"
39074,"Gold"
39076,"Gold"
39086,"Gold"
39092,"Gold"
39095,"Gold"
39098,"Gold"
39100,"Gold"
39106,"Gold"
39124,"Gold"
39136,"Gold"
39143,"Gold"
39149,"Gold"
39150,"Gold"
39152,"Gold"
39157,"Gold"
39164,"Gold"
39166,"Gold"
39167,"Gold"
39173,"Gold"
39175,"Gold"
39176,"Gold"
39179,"Gold"
39183,"Gold"
39184,"Gold"
39188,"Gold"
39195,"Gold"
39197,"Gold"
39204,"Gold"
39208,"Gold"
39211,"Gold"
39212,"Gold"
39217,"Gold"
39222,"Gold"
39224,"Gold"
39234,"Gold"
39237,"Gold"
39239,"Gold"
39240,"Gold"
39241,"Gold"
39244,"Gold"
39250,"Gold"
39252,"Gold"
39255,"Gold"
39257,"Gold"
39268,"Gold"
39269,"Gold"
39281,"Gold"
39284,"Gold"
39285,"Gold"
39289,"Gold"
39292,"Gold"
39295,"Gold"
39304,"Gold"
39309,"Gold"
39315,"Gold"
39317,"Gold"
39318,"Gold"
39320,"Gold"
39322,"Gold"
39327,"Gold"
39332,"Gold"
39340,"Gold"
39347,"Gold"
39351,"Gold"
39353,"Gold"
39355,"Gold"
39362,"Gold"
39367,"Gold"
39368,"Gold"
39374,"Gold"
39379,"Gold"
39381,"Gold"
39383,"Gold"
39384,"Gold"
39387,"Gold"
39393,"Gold"
39396,"Gold"
39400,"Gold"
39403,"Gold"
39413,"Gold"
39414,"Gold"
39415,"Gold"
39418,"Gold"
39419,"Gold"
39422,"Gold"
39431,"Gold"
39432,"Gold"
39439,"Gold"
39442,"Gold"
39444,"Gold"
39445,"Gold"
39446,"Gold"
39447,"Gold"
39451,"Gold"
39453,"Gold"
39454,"Gold"
39455,"Gold"
39457,"Gold"
39460,"Gold"
39476,"Gold"
39477,"Gold"
39479,"Gold"
39481,"Gold"
39485,"Gold"
39490,"Gold"
39492,"Gold"
39495,"Gold"
39502,"Gold"
39509,"Gold"
39512,"Gold"
39514,"Gold"
39516,"Gold"
39522,"Gold"
39523,"Gold"
39529,"Gold"
39530,"Gold"
39538,"Gold"
39539,"Gold"
39544,"Gold"
39549,"Gold"
39551,"Gold"
39554,"Gold"
39558,"Gold"
39561,"Gold"
39562,"Gold"
39567,"Gold"
39572,"Gold"
39573,"Gold"
39575,"Gold"
39576,"Gold"
39592,"Gold"
39594,"Gold"
39600,"Gold"
39604,"Gold"
39606,"Gold"
39611,"Gold"
39614,"Gold"
39616,"Gold"
39619,"Gold"
39620,"Gold"
39625,"Gold"
39626,"Gold"
39630,"Gold"
39631,"Gold"
39632,"Gold"
39634,"Gold"
39637,"Gold"
39638,"Gold"
39642,"Gold"
39647,"Gold"
39649,"Gold"
39651,"Gold"
39656,"Gold"
39657,"Gold"
39663,"Gold"
39666,"Gold"
39669,"Gold"
39672,"Gold"
39673,"Gold"
39674,"Gold"
39675,"Gold"
39677,"Gold"
39678,"Gold"
39681,"Gold"
39682,"Gold"
39683,"Gold"
39685,"Gold"
39689,"Gold"
39691,"Gold"
39695,"Gold"
39698,"Gold"
39702,"Gold"
39708,"Gold"
39717,"Gold"
39718,"Gold"
39724,"Gold"
39725,"Gold"
39726,"Gold"
39728,"Gold"
39730,"Gold"
39733,"Gold"
39737,"Gold"
39743,"Gold"
39745,"Gold"
39748,"Gold"
39755,"Gold"
39756,"Gold"
39758,"Gold"
39759,"Gold"
39763,"Gold"
39766,"Gold"
39773,"Gold"
39778,"Gold"
39780,"Gold"
39784,"Gold"
39786,"Gold"
39794,"Gold"
39798,"Gold"
39800,"Gold"
39802,"Gold"
39807,"Gold"
39809,"Gold"
39811,"Gold"
39815,"Gold"
39816,"Gold"
39819,"Gold"
39820,"Gold"
39822,"Gold"
39829,"Gold"
39833,"Gold"
39836,"Gold"
39841,"Gold"
39844,"Gold"
39847,"Gold"
39851,"Gold"
39860,"Gold"
39861,"Gold"
39863,"Gold"
39865,"Gold"
39867,"Gold"
39870,"Gold"
39871,"Gold"
39872,"Gold"
39873,"Gold"
39874,"Gold"
39876,"Gold"
39881,"Gold"
39885,"Gold"
39887,"Gold"
39888,"Gold"
39890,"Gold"
39895,"Gold"
39901,"Gold"
39902,"Gold"
39903,"Gold"
39907,"Gold"
39921,"Gold"
39925,"Gold"
39930,"Gold"
39934,"Gold"
39935,"Gold"
39949,"Gold"
39950,"Gold"
39960,"Gold"
39967,"Gold"
39969,"Gold"
39973,"Gold"
39977,"Gold"
39978,"Gold"
39981,"Gold"
39983,"Gold"
39984,"Gold"
39988,"Gold"
39992,"Gold"
39994,"Gold"
39999,"Gold"
40002,"Gold"
40007,"Gold"
40008,"Gold"
40010,"Gold"
40013,"Gold"
40015,"Gold"
40024,"Gold"
40029,"Gold"
40031,"Gold"
40033,"Gold"
40034,"Gold"
40036,"Gold"
40040,"Gold"
40041,"Gold"
40048,"Gold"
40051,"Gold"
40052,"Gold"
40053,"Gold"
40057,"Gold"
40059,"Gold"
40062,"Gold"
40063,"Gold"
40064,"Gold"
40068,"Gold"
40069,"Gold"
40072,"Gold"
40074,"Gold"
40075,"Gold"
40079,"Gold"
40082,"Gold"
40083,"Gold"
40085,"Gold"
40086,"Gold"
40089,"Gold"
40092,"Gold"
40101,"Gold"
40103,"Gold"
40109,"Gold"
40111,"Gold"
40112,"Gold"
40119,"Gold"
40121,"Gold"
40124,"Gold"
40126,"Gold"
40128,"Gold"
40130,"Gold"
40132,"Gold"
40133,"Gold"
40134,"Gold"
40135,"Gold"
40138,"Gold"
40139,"Gold"
40140,"Gold"
40143,"Gold"
40158,"Gold"
40160,"Gold"
40167,"Gold"
40174,"Gold"
40181,"Gold"
40187,"Gold"
40191,"Gold"
40193,"Gold"
40195,"Gold"
40196,"Gold"
40199,"Gold"
40201,"Gold"
40203,"Gold"
40209,"Gold"
40221,"Gold"
40222,"Gold"
40226,"Gold"
40232,"Gold"
40234,"Gold"
40236,"Gold"
40237,"Gold"
40239,"Gold"
40240,"Gold"
40242,"Gold"
40246,"Gold"
40255,"Gold"
40263,"Gold"
40270,"Gold"
40275,"Gold"
40281,"Gold"
40294,"Gold"
40297,"Gold"
40298,"Gold"
40302,"Gold"
40304,"Gold"
40309,"Gold"
40315,"Gold"
40317,"Gold"
40318,"Gold"
40329,"Gold"
40331,"Gold"
40332,"Gold"
40335,"Gold"
40337,"Gold"
40340,"Gold"
40345,"Gold"
40348,"Gold"
40354,"Gold"
40356,"Gold"
40360,"Gold"
40367,"Gold"
40371,"Gold"
40375,"Gold"
40391,"Gold"
40396,"Gold"
40401,"Gold"
40403,"Gold"
40407,"Gold"
40409,"Gold"
40417,"Gold"
40424,"Gold"
40430,"Gold"
40431,"Gold"
40436,"Gold"
40443,"Gold"
40444,"Gold"
40446,"Gold"
40448,"Gold"
40449,"Gold"
40450,"Gold"
40458,"Gold"
40464,"Gold"
40467,"Gold"
40469,"Gold"
40474,"Gold"
40477,"Gold"
40478,"Gold"
40480,"Gold"
40482,"Gold"
40485,"Gold"
40486,"Gold"
40488,"Gold"
40504,"Gold"
40505,"Gold"
40508,"Gold"
40512,"Gold"
40518,"Gold"
40525,"Gold"
40532,"Gold"
40536,"Gold"
40537,"Gold"
40544,"Gold"
40549,"Gold"
40550,"Gold"
40555,"Gold"
40559,"Gold"
40561,"Gold"
40562,"Gold"
40569,"Gold"
40572,"Gold"
40573,"Gold"
40575,"Gold"
40577,"Gold"
40578,"Gold"
40579,"Gold"
40583,"Gold"
40586,"Gold"
40588,"Gold"
40589,"Gold"
40590,"Gold"
40593,"Gold"
40594,"Gold"
40595,"Gold"
40603,"Gold"
40611,"Gold"
40613,"Gold"
40620,"Gold"
40621,"Gold"
40627,"Gold"
40628,"Gold"
40629,"Gold"
40634,"Gold"
40638,"Gold"
40644,"Gold"
40645,"Gold"
40648,"Gold"
40649,"Gold"
40659,"Gold"
40677,"Gold"
40684,"Gold"
40686,"Gold"
40689,"Gold"
40698,"Gold"
40700,"Gold"
40714,"Gold"
40719,"Gold"
40721,"Gold"
40725,"Gold"
40733,"Gold"
40738,"Gold"
40741,"Gold"
40749,"Gold"
40753,"Gold"
40759,"Gold"
40763,"Gold"
40767,"Gold"
40768,"Gold"
40775,"Gold"
40776,"Gold"
40779,"Gold"
40788,"Gold"
40791,"Gold"
40792,"Gold"
40796,"Gold"
40798,"Gold"
40807,"Gold"
40811,"Gold"
40812,"Gold"
40818,"Gold"
40819,"Gold"
40820,"Gold"
40823,"Gold"
40824,"Gold"
40825,"Gold"
40826,"Gold"
40831,"Gold"
40833,"Gold"
40843,"Gold"
40849,"Gold"
40850,"Gold"
40851,"Gold"
40860,"Gold"
40869,"Gold"
40870,"Gold"
40873,"Gold"
40876,"Gold"
40880,"Gold"
40884,"Gold"
40886,"Gold"
40887,"Gold"
40896,"Gold"
40907,"Gold"
40910,"Gold"
40912,"Gold"
40918,"Gold"
40919,"Gold"
40923,"Gold"
40934,"Gold"
40935,"Gold"
40955,"Gold"
40964,"Gold"
40967,"Gold"
40969,"Gold"
40971,"Gold"
40978,"Gold"
40982,"Gold"
40984,"Gold"
40986,"Gold"
40989,"Gold"
40993,"Gold"
40995,"Gold"
40996,"Gold"
40997,"Gold"
41003,"Gold"
41005,"Gold"
41011,"Gold"
41012,"Gold"
41014,"Gold"
41017,"Gold"
41019,"Gold"
41026,"Gold"
41028,"Gold"
41034,"Gold"
41035,"Gold"
41040,"Gold"
41045,"Gold"
41049,"Gold"
41053,"Gold"
41057,"Gold"
41062,"Gold"
41068,"Gold"
41070,"Gold"
41071,"Gold"
41072,"Gold"
41079,"Gold"
41080,"Gold"
41081,"Gold"
41083,"Gold"
41088,"Gold"
41089,"Gold"
41090,"Gold"
41092,"Gold"
41094,"Gold"
41100,"Gold"
41101,"Gold"
41109,"Gold"
41119,"Gold"
41120,"Gold"
41125,"Gold"
41126,"Gold"
41130,"Gold"
41132,"Gold"
41137,"Gold"
41139,"Gold"
41142,"Gold"
41144,"Gold"
41145,"Gold"
41150,"Gold"
41152,"Gold"
41153,"Gold"
41156,"Gold"
41158,"Gold"
41161,"Gold"
41163,"Gold"
41164,"Gold"
41170,"Gold"
41174,"Gold"
41176,"Gold"
41177,"Gold"
41181,"Gold"
41188,"Gold"
41192,"Gold"
41198,"Gold"
41201,"Gold"
41203,"Gold"
41208,"Gold"
41210,"Gold"
41211,"Gold"
41216,"Gold"
41217,"Gold"
41218,"Gold"
41220,"Gold"
41223,"Gold"
41225,"Gold"
41226,"Gold"
41231,"Gold"
41232,"Gold"
41236,"Gold"
41237,"Gold"
41238,"Gold"
41239,"Gold"
41243,"Gold"
41245,"Gold"
41246,"Gold"
41247,"Gold"
41249,"Gold"
41251,"Gold"
41316,"Gold"
41317,"Gold"
41322,"Gold"
41324,"Gold"
41325,"Gold"
41326,"Gold"
41328,"Gold"
41329,"Gold"
41334,"Gold"
41335,"Gold"
41336,"Gold"
41339,"Gold"
41340,"Gold"
41343,"Gold"
41344,"Gold"
41345,"Gold"
41349,"Gold"
41350,"Gold"
41353,"Gold"
41359,"Gold"
41360,"Gold"
41362,"Gold"
41363,"Gold"
41365,"Gold"
41370,"Gold"
41371,"Gold"
41373,"Gold"
41374,"Gold"
41375,"Gold"
41376,"Gold"
41380,"Gold"
41382,"Gold"
41385,"Gold"
41386,"Gold"
41387,"Gold"
41392,"Gold"
41393,"Gold"
41394,"Gold"
41395,"Gold"
41396,"Gold"
41397,"Gold"
41398,"Gold"
41399,"Gold"
41400,"Gold"
41513,"Gold"
41518,"Gold"
41520,"Gold"
41521,"Gold"
41522,"Gold"
41523,"Gold"
41526,"Gold"
41528,"Gold"
41529,"Gold"
41532,"Gold"
41533,"Gold"
41534,"Gold"
41535,"Gold"
41536,"Gold"
41538,"Gold"
41541,"Gold"
41542,"Gold"
41544,"Gold"
41545,"Gold"
41546,"Gold"
41547,"Gold"
41548,"Gold"
41551,"Gold"
41552,"Gold"
41553,"Gold"
41555,"Gold"
41558,"Gold"
41559,"Gold"
41560,"Gold"
41562,"Gold"
41563,"Gold"
41564,"Gold"
41566,"Gold"
41567,"Gold"
41568,"Gold"
41569,"Gold"
41570,"Gold"
41571,"Gold"
41572,"Gold"
41573,"Gold"
41574,"Gold"
41576,"Gold"
41579,"Gold"
41580,"Gold"
41582,"Gold"
41583,"Gold"
41584,"Gold"
41585,"Gold"
41587,"Gold"
41588,"Gold"
41589,"Gold"
41591,"Gold"
41592,"Gold"
41593,"Gold"
41594,"Gold"
41595,"Gold"
41596,"Gold"
41597,"Gold"
41598,"Gold"
41599,"Gold"
41600,"Gold"
41602,"Gold"
41605,"Gold"
41608,"Gold"
41609,"Gold"
41610,"Gold"
41611,"Gold"
41614,"Gold"
41615,"Platinium"
41616,"Platinium"
41617,"Platinium"
41619,"Platinium"
41620,"Platinium"
41621,"Platinium"
41622,"Platinium"
41624,"Platinium"
41625,"Platinium"
41626,"Platinium"
41627,"Platinium"
41628,"Platinium"
41629,"Platinium"
41636,"Platinium"
41637,"Platinium"
41639,"Platinium"
41640,"Platinium"
41642,"Platinium"
41643,"Platinium"
41644,"Platinium"
41645,"Platinium"
41646,"Platinium"
41648,"Platinium"
41649,"Platinium"
41650,"Platinium"
41651,"Platinium"
41652,"Platinium"
41653,"Platinium"
41654,"Platinium"
41655,"Platinium"
41656,"Platinium"
41657,"Platinium"
41658,"Platinium"
41659,"Platinium"
41660,"Platinium"
41662,"Platinium"
41664,"Platinium"
41665,"Platinium"
41666,"Platinium"
41668,"Platinium"
41669,"Platinium"
41671,"Platinium"
41672,"Platinium"
41673,"Platinium"
41675,"Platinium"
41676,"Platinium"
41677,"Platinium"
41678,"Platinium"
41679,"Platinium"
41680,"Platinium"
41682,"Platinium"
41683,"Platinium"
41684,"Platinium"
41685,"Platinium"
41687,"Platinium"
41689,"Platinium"
41690,"Platinium"
41695,"Platinium"
41697,"Platinium"
41698,"Platinium"
41700,"Platinium"
41701,"Platinium"
41702,"Platinium"
41703,"Platinium"
41704,"Platinium"
41705,"Platinium"
41706,"Platinium"
41707,"Platinium"
41709,"Platinium"
41710,"Platinium"
41712,"Platinium"
41713,"Platinium"
41715,"Platinium"
41716,"Platinium"
41718,"Platinium"
41719,"Platinium"
41720,"Platinium"
41722,"Platinium"
41723,"Platinium"
41724,"Platinium"
41726,"Platinium"
41727,"Platinium"
41728,"Platinium"
41730,"Platinium"
41731,"Platinium"
41733,"Platinium"
41734,"Platinium"
41735,"Platinium"
41737,"Platinium"
41738,"Platinium"
41739,"Platinium"
41740,"Platinium"
41741,"Platinium"
41742,"Platinium"
41743,"Platinium"
41744,"Platinium"
41745,"Platinium"
41746,"Platinium"
41748,"Platinium"
41749,"Platinium"
41750,"Platinium"
41752,"Platinium"
41753,"Platinium"
41754,"Platinium"
41755,"Platinium"
41756,"Platinium"
41757,"Platinium"
41759,"Platinium"
41760,"Platinium"
41761,"Platinium"
41765,"Platinium"
41766,"Platinium"
41767,"Platinium"
41769,"Platinium"
41770,"Platinium"
41772,"Platinium"
41774,"Platinium"
41775,"Platinium"
41777,"Platinium"
41780,"Platinium"
41781,"Platinium"
41782,"Platinium"
41783,"Platinium"
41786,"Platinium"
41787,"Platinium"
41788,"Platinium"
41790,"Platinium"
41791,"Platinium"
41793,"Platinium"
41795,"Platinium"
41796,"Platinium"
41797,"Platinium"
41800,"Platinium"
41801,"Platinium"
41802,"Platinium"
41804,"Platinium"
41806,"Platinium"
41808,"Platinium"
41809,"Platinium"
41813,"Platinium"
41815,"Platinium"
41816,"Platinium"
41819,"Platinium"
41820,"Platinium"
41821,"Platinium"
41824,"Platinium"
41825,"Platinium"
41826,"Platinium"
41827,"Platinium"
41828,"Platinium"
41829,"Platinium"
41830,"Platinium"
41832,"Platinium"
41833,"Platinium"
41834,"Platinium"
41836,"Platinium"
41837,"Platinium"
41840,"Platinium"
41841,"Platinium"
41842,"Platinium"
41843,"Platinium"
41844,"Platinium"
41846,"Platinium"
41848,"Platinium"
41849,"Platinium"
41850,"Platinium"
41851,"Platinium"
41852,"Platinium"
41853,"Platinium"
41854,"Platinium"
41855,"Platinium"
41856,"Platinium"
41857,"Platinium"
41858,"Platinium"
41859,"Platinium"
41861,"Platinium"
41862,"Platinium"
41864,"Platinium"
41865,"Platinium"
41867,"Platinium"
41869,"Platinium"
41870,"Platinium"
41871,"Platinium"
41872,"Platinium"
41873,"Platinium"
41875,"Platinium"
41877,"Platinium"
41881,"Platinium"
41882,"Platinium"
41883,"Platinium"
41884,"Platinium"
41885,"Platinium"
41886,"Platinium"
41887,"Platinium"
41888,"Platinium"
41889,"Platinium"
41890,"Platinium"
41891,"Platinium"
41892,"Platinium"
41894,"Platinium"
41895,"Platinium"
41897,"Platinium"
41898,"Platinium"
41899,"Platinium"
41901,"Platinium"
41902,"Platinium"
41903,"Platinium"
41904,"Platinium"
41905,"Platinium"
41906,"Platinium"
41907,"Platinium"
41909,"Platinium"
41910,"Platinium"
41911,"Platinium"
41912,"Platinium"
41913,"Platinium"
41914,"Platinium"
41916,"Platinium"
41917,"Platinium"
41919,"Platinium"
41920,"Platinium"
41921,"Platinium"
41922,"Platinium"
41924,"Platinium"
41925,"Platinium"
41929,"Platinium"
41930,"Platinium"
41933,"Platinium"
41934,"Platinium"
41935,"Platinium"
41936,"Platinium"
41937,"Platinium"
41938,"Platinium"
41939,"Platinium"
41942,"Platinium"
41943,"Platinium"
41944,"Platinium"
41945,"Platinium"
41946,"Platinium"
41947,"Platinium"
41948,"Platinium"
41950,"Platinium"
41951,"Platinium"
41952,"Platinium"
41953,"Platinium"
41954,"Platinium"
41955,"Platinium"
41956,"Platinium"
41957,"Platinium"
41960,"Platinium"
41961,"Platinium"
41962,"Platinium"
41963,"Platinium"
41964,"Platinium"
41966,"Platinium"
41968,"Platinium"
41969,"Platinium"
41970,"Platinium"
41971,"Platinium"
41972,"Platinium"
41973,"Platinium"
41974,"Platinium"
41976,"Platinium"
41979,"Platinium"
41983,"Platinium"
41985,"Platinium"
41986,"Platinium"
41987,"Platinium"
41988,"Platinium"
41989,"Platinium"
41990,"Platinium"
41991,"Platinium"
41992,"Platinium"
41993,"Platinium"
41994,"Platinium"
41996,"Platinium"
41997,"Platinium"
41998,"Platinium"
41999,"Platinium"
42000,"Platinium"
42001,"Platinium"
42002,"Platinium"
42004,"Platinium"
42007,"Platinium"
42009,"Platinium"
42010,"Platinium"
42012,"Platinium"
42013,"Platinium"
42014,"Platinium"
42015,"Platinium"
42018,"Platinium"
42020,"Platinium"
42021,"Platinium"
42022,"Platinium"
42024,"Platinium"
42025,"Platinium"
42026,"Platinium"
42027,"Platinium"
42028,"Platinium"
42029,"Platinium"
42030,"Platinium"
42031,"Platinium"
42032,"Platinium"
42034,"Platinium"
42036,"Platinium"
42037,"Platinium"
42039,"Platinium"
42040,"Platinium"
42041,"Platinium"
42042,"Platinium"
42043,"Platinium"
42044,"Platinium"
42045,"Platinium"
42048,"Platinium"
42050,"Platinium"
42052,"Platinium"
42053,"Platinium"
42054,"Platinium"
42055,"Platinium"
42057,"Platinium"
42058,"Platinium"
42059,"Platinium"
42060,"Platinium"
42061,"Platinium"
42062,"Platinium"
42063,"Platinium"
42064,"Platinium"
42065,"Platinium"
42066,"Platinium"
42068,"Platinium"
42070,"Platinium"
42071,"Platinium"
42073,"Platinium"
42074,"Platinium"
42075,"Platinium"
42076,"Platinium"
42077,"Platinium"
42078,"Platinium"
42079,"Platinium"
42080,"Platinium"
42081,"Platinium"
42082,"Platinium"
42083,"Platinium"
42084,"Platinium"
42085,"Platinium"
42086,"Platinium"
42087,"Platinium"
42088,"Platinium"
42089,"Platinium"
42091,"Platinium"
42092,"Platinium"
42093,"Platinium"
42094,"Platinium"
42095,"Platinium"
42096,"Platinium"
42097,"Platinium"
42098,"Platinium"
42100,"Platinium"
42143,"Platinium"
42145,"Platinium"
42146,"Platinium"
42147,"Platinium"
42150,"Platinium"
42152,"Platinium"
42153,"Platinium"
42154,"Platinium"
42155,"Platinium"
42156,"Platinium"
42158,"Platinium"
42159,"Platinium"
42160,"Platinium"
42162,"Platinium"
42164,"Platinium"
42165,"Platinium"
42166,"Platinium"
42169,"Platinium"
42171,"Platinium"
42173,"Platinium"
42174,"Platinium"
42179,"Platinium"
42180,"Platinium"
42181,"Platinium"
42182,"Platinium"
42183,"Platinium"
42185,"Platinium"
42188,"Platinium"
42190,"Platinium"
42191,"Platinium"
42192,"Platinium"
42193,"Platinium"
42197,"Platinium"
42198,"Platinium"
42199,"Platinium"
42200,"Platinium"
42201,"Platinium"
42202,"Platinium"
42203,"Platinium"
42206,"Platinium"
42208,"Platinium"
42211,"Platinium"
42212,"Platinium"
42213,"Platinium"
42214,"Platinium"
42215,"Platinium"
42244,"Platinium"
42245,"Platinium"
42246,"Platinium"
42247,"Platinium"
42249,"Platinium"
42250,"Platinium"
42251,"Platinium"
42252,"Platinium"
42254,"Platinium"
42255,"Platinium"
42256,"Platinium"
42257,"Platinium"
42258,"Platinium"
42261,"Platinium"
42262,"Platinium"
42263,"Platinium"
42264,"Platinium"
42265,"Platinium"
42266,"Platinium"
42267,"Platinium"
42268,"Platinium"
42269,"Platinium"
42270,"Platinium"
42272,"Platinium"
42273,"Platinium"
42274,"Platinium"
42275,"Platinium"
42276,"Platinium"
42277,"Platinium"
42278,"Platinium"
42279,"Platinium"
42281,"Platinium"
42284,"Platinium"
42285,"Platinium"
